{
    "0": {
        "Buffer": 4.851000070571899, 
        "Freezing": 0, 
        "QoE1": 3.1563000000533874, 
        "QoE2": 1.312600000106775, 
        "Representation": "1", 
        "Response": 0.14800000190734863, 
        "Server": "104.196.123.134", 
        "TS": 1455866017.813
    }, 
    "1": {
        "Buffer": 9.63100004196167, 
        "Freezing": 0, 
        "QoE1": 4.9999536060530145, 
        "QoE2": 4.999907212106029, 
        "Representation": "6", 
        "Response": 0.21499991416931152, 
        "Server": "104.196.123.134", 
        "TS": 1455866018.033
    }, 
    "2": {
        "Buffer": 14.398000001907349, 
        "Freezing": 0, 
        "QoE1": 4.9999536060530145, 
        "QoE2": 4.999907212106029, 
        "Representation": "6", 
        "Response": 0.22799992561340332, 
        "Server": "104.196.123.134", 
        "TS": 1455866018.266
    }, 
    "3": {
        "Buffer": 19.141000032424927, 
        "Freezing": 0, 
        "QoE1": 4.9999536060530145, 
        "QoE2": 4.999907212106029, 
        "Representation": "6", 
        "Response": 0.252000093460083, 
        "Server": "104.196.123.134", 
        "TS": 1455866018.523
    }, 
    "4": {
        "Buffer": 23.825999975204468, 
        "Freezing": 0, 
        "QoE1": 4.9999536060530145, 
        "QoE2": 4.999907212106029, 
        "Representation": "6", 
        "Response": 0.30900001525878906, 
        "Server": "104.196.123.134", 
        "TS": 1455866018.838
    }, 
    "5": {
        "Buffer": 28.51900005340576, 
        "Freezing": 0, 
        "QoE1": 4.9999536060530145, 
        "QoE2": 4.999907212106029, 
        "Representation": "6", 
        "Response": 0.30099987983703613, 
        "Server": "104.196.123.134", 
        "TS": 1455866019.145
    }, 
    "6": {
        "Buffer": 28.22000002861023, 
        "Freezing": 0, 
        "QoE1": 4.9999536060530145, 
        "QoE2": 4.999907212106029, 
        "Representation": "6", 
        "Response": 0.2929999828338623, 
        "Server": "104.196.123.134", 
        "TS": 1455866024.444
    }, 
    "7": {
        "Buffer": 27.990999937057495, 
        "Freezing": 0, 
        "QoE1": 4.9999536060530145, 
        "QoE2": 4.999907212106029, 
        "Representation": "6", 
        "Response": 0.22600007057189941, 
        "Server": "104.196.123.134", 
        "TS": 1455866029.673
    }, 
    "8": {
        "Buffer": 27.796000003814697, 
        "Freezing": 0, 
        "QoE1": 4.9999536060530145, 
        "QoE2": 4.999907212106029, 
        "Representation": "6", 
        "Response": 0.1919999122619629, 
        "Server": "104.196.123.134", 
        "TS": 1455866034.868
    }, 
    "9": {
        "Buffer": 27.669000148773193, 
        "Freezing": 0, 
        "QoE1": 4.9999536060530145, 
        "QoE2": 4.999907212106029, 
        "Representation": "6", 
        "Response": 0.12099981307983398, 
        "Server": "104.196.123.134", 
        "TS": 1455866039.995
    }, 
    "10": {
        "Buffer": 27.56500005722046, 
        "Freezing": 0, 
        "QoE1": 4.9999536060530145, 
        "QoE2": 4.999907212106029, 
        "Representation": "6", 
        "Response": 0.0989999771118164, 
        "Server": "104.196.123.134", 
        "TS": 1455866045.099
    }
}