{
    "0": {
        "Buffer": 4.806999921798706, 
        "Freezing": 0, 
        "QoE1": 3.1563000000533874, 
        "QoE2": 1.312600000106775, 
        "Representation": "1", 
        "Response": 0.1919999122619629, 
        "Server": "104.197.240.215", 
        "TS": 1455865454.01
    }, 
    "1": {
        "Buffer": 9.537999868392944, 
        "Freezing": 0, 
        "QoE1": 4.9999536060530145, 
        "QoE2": 4.999907212106029, 
        "Representation": "6", 
        "Response": 0.2650001049041748, 
        "Server": "104.197.240.215", 
        "TS": 1455865454.279
    }, 
    "2": {
        "Buffer": 14.241999864578247, 
        "Freezing": 0, 
        "QoE1": 4.9999536060530145, 
        "QoE2": 4.999907212106029, 
        "Representation": "6", 
        "Response": 0.29200005531311035, 
        "Server": "104.197.240.215", 
        "TS": 1455865454.575
    }, 
    "3": {
        "Buffer": 18.94599986076355, 
        "Freezing": 0, 
        "QoE1": 4.9999536060530145, 
        "QoE2": 4.999907212106029, 
        "Representation": "6", 
        "Response": 0.29200005531311035, 
        "Server": "104.197.240.215", 
        "TS": 1455865454.871
    }, 
    "4": {
        "Buffer": 23.61899995803833, 
        "Freezing": 0, 
        "QoE1": 4.9999536060530145, 
        "QoE2": 4.999907212106029, 
        "Representation": "6", 
        "Response": 0.3229999542236328, 
        "Server": "104.197.240.215", 
        "TS": 1455865455.198
    }, 
    "5": {
        "Buffer": 28.256999969482422, 
        "Freezing": 0, 
        "QoE1": 4.9999536060530145, 
        "QoE2": 4.999907212106029, 
        "Representation": "6", 
        "Response": 0.3580000400543213, 
        "Server": "104.197.240.215", 
        "TS": 1455865455.56
    }, 
    "6": {
        "Buffer": 27.93400001525879, 
        "Freezing": 0, 
        "QoE1": 4.9999536060530145, 
        "QoE2": 4.999907212106029, 
        "Representation": "6", 
        "Response": 0.31799983978271484, 
        "Server": "104.197.240.215", 
        "TS": 1455865460.883
    }, 
    "7": {
        "Buffer": 27.48199987411499, 
        "Freezing": 0, 
        "QoE1": 4.9999536060530145, 
        "QoE2": 4.999907212106029, 
        "Representation": "6", 
        "Response": 0.2850000858306885, 
        "Server": "104.197.240.215", 
        "TS": 1455865466.335
    }, 
    "8": {
        "Buffer": 27.243000030517578, 
        "Freezing": 0, 
        "QoE1": 4.9999536060530145, 
        "QoE2": 4.999907212106029, 
        "Representation": "6", 
        "Response": 0.2349998950958252, 
        "Server": "104.197.240.215", 
        "TS": 1455865471.574
    }, 
    "9": {
        "Buffer": 27.080999851226807, 
        "Freezing": 0, 
        "QoE1": 4.9999536060530145, 
        "QoE2": 4.999907212106029, 
        "Representation": "6", 
        "Response": 0.15700006484985352, 
        "Server": "104.197.240.215", 
        "TS": 1455865476.736
    }, 
    "10": {
        "Buffer": 26.94099998474121, 
        "Freezing": 0, 
        "QoE1": 4.9999536060530145, 
        "QoE2": 4.999907212106029, 
        "Representation": "6", 
        "Response": 0.1359999179840088, 
        "Server": "104.197.240.215", 
        "TS": 1455865481.876
    }
}