{
    "1455865406.041": {
        "cache-07": 4.5, 
        "cache-10": 4.5, 
        "cache-11": 4.5
    }, 
    "1455865406.238": {
        "cache-07": 4.181260000010678, 
        "cache-10": 4.5, 
        "cache-11": 4.5
    }, 
    "1455865406.441": {
        "cache-07": 4.263124721220213, 
        "cache-10": 4.5, 
        "cache-11": 4.5
    }, 
    "1455865406.668": {
        "cache-07": 4.336802970308795, 
        "cache-10": 4.5, 
        "cache-11": 4.5
    }, 
    "1455865406.953": {
        "cache-07": 4.403113394488519, 
        "cache-10": 4.5, 
        "cache-11": 4.5
    }, 
    "1455865407.216": {
        "cache-07": 4.46279277625027, 
        "cache-10": 4.5, 
        "cache-11": 4.5
    }, 
    "1455865412.519": {
        "cache-07": 4.516504219835846, 
        "cache-10": 4.5, 
        "cache-11": 4.5
    }, 
    "1455865417.734": {
        "cache-07": 4.564844519062864, 
        "cache-10": 4.5, 
        "cache-11": 4.5
    }, 
    "1455865422.927": {
        "cache-07": 4.60835078836718, 
        "cache-10": 4.5, 
        "cache-11": 4.5
    }, 
    "1455865428.052": {
        "cache-07": 4.647506430741065, 
        "cache-10": 4.5, 
        "cache-11": 4.5
    }, 
    "1455865433.153": {
        "cache-07": 4.682746508877561, 
        "cache-10": 4.5, 
        "cache-11": 4.5
    }
}