{
    "1455866017.813": {
        "cache-07": 4.5, 
        "cache-09": 4.5, 
        "cache-11": 4.5
    }, 
    "1455866018.033": {
        "cache-07": 4.181260000010678, 
        "cache-09": 4.5, 
        "cache-11": 4.5
    }, 
    "1455866018.266": {
        "cache-07": 4.263124721220213, 
        "cache-09": 4.5, 
        "cache-11": 4.5
    }, 
    "1455866018.523": {
        "cache-07": 4.336802970308795, 
        "cache-09": 4.5, 
        "cache-11": 4.5
    }, 
    "1455866018.838": {
        "cache-07": 4.403113394488519, 
        "cache-09": 4.5, 
        "cache-11": 4.5
    }, 
    "1455866019.145": {
        "cache-07": 4.46279277625027, 
        "cache-09": 4.5, 
        "cache-11": 4.5
    }, 
    "1455866024.444": {
        "cache-07": 4.516504219835846, 
        "cache-09": 4.5, 
        "cache-11": 4.5
    }, 
    "1455866029.673": {
        "cache-07": 4.564844519062864, 
        "cache-09": 4.5, 
        "cache-11": 4.5
    }, 
    "1455866034.868": {
        "cache-07": 4.60835078836718, 
        "cache-09": 4.5, 
        "cache-11": 4.5
    }, 
    "1455866039.995": {
        "cache-07": 4.647506430741065, 
        "cache-09": 4.5, 
        "cache-11": 4.5
    }, 
    "1455866045.099": {
        "cache-07": 4.682746508877561, 
        "cache-09": 4.5, 
        "cache-11": 4.5
    }
}