{
    "0": {
        "Buffer": 4.860000133514404, 
        "Freezing": 0, 
        "QoE1": 3.1563000000533874, 
        "QoE2": 1.312600000106775, 
        "Representation": "1", 
        "Response": 0.13899993896484375, 
        "Server": "104.196.123.134", 
        "TS": 1455865406.041
    }, 
    "1": {
        "Buffer": 9.663000106811523, 
        "Freezing": 0, 
        "QoE1": 4.9999536060530145, 
        "QoE2": 4.999907212106029, 
        "Representation": "6", 
        "Response": 0.19299983978271484, 
        "Server": "104.196.123.134", 
        "TS": 1455865406.238
    }, 
    "2": {
        "Buffer": 14.460000038146973, 
        "Freezing": 0, 
        "QoE1": 4.9999536060530145, 
        "QoE2": 4.999907212106029, 
        "Representation": "6", 
        "Response": 0.1979999542236328, 
        "Server": "104.196.123.134", 
        "TS": 1455865406.441
    }, 
    "3": {
        "Buffer": 19.23300004005432, 
        "Freezing": 0, 
        "QoE1": 4.9999536060530145, 
        "QoE2": 4.999907212106029, 
        "Representation": "6", 
        "Response": 0.2219998836517334, 
        "Server": "104.196.123.134", 
        "TS": 1455865406.668
    }, 
    "4": {
        "Buffer": 23.947999954223633, 
        "Freezing": 0, 
        "QoE1": 4.9999536060530145, 
        "QoE2": 4.999907212106029, 
        "Representation": "6", 
        "Response": 0.28100013732910156, 
        "Server": "104.196.123.134", 
        "TS": 1455865406.953
    }, 
    "5": {
        "Buffer": 28.68499994277954, 
        "Freezing": 0, 
        "QoE1": 4.9999536060530145, 
        "QoE2": 4.999907212106029, 
        "Representation": "6", 
        "Response": 0.25800013542175293, 
        "Server": "104.196.123.134", 
        "TS": 1455865407.216
    }, 
    "6": {
        "Buffer": 28.381999969482422, 
        "Freezing": 0, 
        "QoE1": 4.9999536060530145, 
        "QoE2": 4.999907212106029, 
        "Representation": "6", 
        "Response": 0.2980000972747803, 
        "Server": "104.196.123.134", 
        "TS": 1455865412.519
    }, 
    "7": {
        "Buffer": 28.16700005531311, 
        "Freezing": 0, 
        "QoE1": 4.9999536060530145, 
        "QoE2": 4.999907212106029, 
        "Representation": "6", 
        "Response": 0.2089998722076416, 
        "Server": "104.196.123.134", 
        "TS": 1455865417.734
    }, 
    "8": {
        "Buffer": 27.973999977111816, 
        "Freezing": 0, 
        "QoE1": 4.9999536060530145, 
        "QoE2": 4.999907212106029, 
        "Representation": "6", 
        "Response": 0.18799996376037598, 
        "Server": "104.196.123.134", 
        "TS": 1455865422.927
    }, 
    "9": {
        "Buffer": 27.848999977111816, 
        "Freezing": 0, 
        "QoE1": 4.9999536060530145, 
        "QoE2": 4.999907212106029, 
        "Representation": "6", 
        "Response": 0.11899995803833008, 
        "Server": "104.196.123.134", 
        "TS": 1455865428.052
    }, 
    "10": {
        "Buffer": 27.747999906539917, 
        "Freezing": 0, 
        "QoE1": 4.9999536060530145, 
        "QoE2": 4.999907212106029, 
        "Representation": "6", 
        "Response": 0.09500002861022949, 
        "Server": "104.196.123.134", 
        "TS": 1455865433.153
    }
}