{
    "0": {
        "Buffer": 4.843000173568726, 
        "Freezing": 0, 
        "QoE1": 3.1563000000533874, 
        "QoE2": 1.312600000106775, 
        "Representation": "1", 
        "Response": 0.15599989891052246, 
        "Server": "104.196.62.81", 
        "TS": 1455866610.205
    }, 
    "1": {
        "Buffer": 9.624000072479248, 
        "Freezing": 0, 
        "QoE1": 4.9999536060530145, 
        "QoE2": 4.999907212106029, 
        "Representation": "6", 
        "Response": 0.21600008010864258, 
        "Server": "104.196.62.81", 
        "TS": 1455866610.424
    }, 
    "2": {
        "Buffer": 14.410000085830688, 
        "Freezing": 0, 
        "QoE1": 4.9999536060530145, 
        "QoE2": 4.999907212106029, 
        "Representation": "6", 
        "Response": 0.2109999656677246, 
        "Server": "104.196.62.81", 
        "TS": 1455866610.638
    }, 
    "3": {
        "Buffer": 19.176000118255615, 
        "Freezing": 0, 
        "QoE1": 4.9999536060530145, 
        "QoE2": 4.999907212106029, 
        "Representation": "6", 
        "Response": 0.23099994659423828, 
        "Server": "104.196.62.81", 
        "TS": 1455866610.872
    }, 
    "4": {
        "Buffer": 23.90500020980835, 
        "Freezing": 0, 
        "QoE1": 4.9999536060530145, 
        "QoE2": 4.999907212106029, 
        "Representation": "6", 
        "Response": 0.2649998664855957, 
        "Server": "104.196.62.81", 
        "TS": 1455866611.143
    }, 
    "5": {
        "Buffer": 28.58400011062622, 
        "Freezing": 0, 
        "QoE1": 4.9999536060530145, 
        "QoE2": 4.999907212106029, 
        "Representation": "6", 
        "Response": 0.31800007820129395, 
        "Server": "104.196.62.81", 
        "TS": 1455866611.464
    }, 
    "6": {
        "Buffer": 28.33300018310547, 
        "Freezing": 0, 
        "QoE1": 4.9999536060530145, 
        "QoE2": 4.999907212106029, 
        "Representation": "6", 
        "Response": 0.24499988555908203, 
        "Server": "104.196.62.81", 
        "TS": 1455866616.715
    }, 
    "7": {
        "Buffer": 27.884000062942505, 
        "Freezing": 0, 
        "QoE1": 4.9999536060530145, 
        "QoE2": 4.999907212106029, 
        "Representation": "6", 
        "Response": 0.2910001277923584, 
        "Server": "107.178.219.21", 
        "TS": 1455866622.164
    }, 
    "8": {
        "Buffer": 27.64800000190735, 
        "Freezing": 0, 
        "QoE1": 4.9999536060530145, 
        "QoE2": 4.999907212106029, 
        "Representation": "6", 
        "Response": 0.23100018501281738, 
        "Server": "107.178.219.21", 
        "TS": 1455866627.4
    }, 
    "9": {
        "Buffer": 27.480000019073486, 
        "Freezing": 0, 
        "QoE1": 4.9999536060530145, 
        "QoE2": 4.999907212106029, 
        "Representation": "6", 
        "Response": 0.16300010681152344, 
        "Server": "107.178.219.21", 
        "TS": 1455866632.568
    }, 
    "10": {
        "Buffer": 27.338000059127808, 
        "Freezing": 0, 
        "QoE1": 4.9999536060530145, 
        "QoE2": 4.999907212106029, 
        "Representation": "6", 
        "Response": 0.1380000114440918, 
        "Server": "107.178.219.21", 
        "TS": 1455866637.71
    }
}