{
    "0": {
        "Buffer": 4.807000160217285, 
        "Freezing": 0, 
        "QoE1": 3.1563000000533874, 
        "QoE2": 1.312600000106775, 
        "Representation": "1", 
        "Response": 0.1919999122619629, 
        "Server": "104.154.23.237", 
        "TS": 1455866222.527
    }, 
    "1": {
        "Buffer": 9.527000188827515, 
        "Freezing": 0, 
        "QoE1": 4.9999536060530145, 
        "QoE2": 4.999907212106029, 
        "Representation": "6", 
        "Response": 0.2760000228881836, 
        "Server": "104.154.23.237", 
        "TS": 1455866222.807
    }, 
    "2": {
        "Buffer": 14.254000186920166, 
        "Freezing": 0, 
        "QoE1": 4.9999536060530145, 
        "QoE2": 4.999907212106029, 
        "Representation": "6", 
        "Response": 0.2689998149871826, 
        "Server": "104.154.23.237", 
        "TS": 1455866223.08
    }, 
    "3": {
        "Buffer": 18.986000061035156, 
        "Freezing": 0, 
        "QoE1": 4.9999536060530145, 
        "QoE2": 4.999907212106029, 
        "Representation": "6", 
        "Response": 0.2650001049041748, 
        "Server": "104.154.23.237", 
        "TS": 1455866223.348
    }, 
    "4": {
        "Buffer": 23.66100001335144, 
        "Freezing": 0, 
        "QoE1": 4.9999536060530145, 
        "QoE2": 4.999907212106029, 
        "Representation": "6", 
        "Response": 0.3230001926422119, 
        "Server": "104.154.23.237", 
        "TS": 1455866223.673
    }, 
    "5": {
        "Buffer": 28.343000173568726, 
        "Freezing": 0, 
        "QoE1": 4.9999536060530145, 
        "QoE2": 4.999907212106029, 
        "Representation": "6", 
        "Response": 0.31599998474121094, 
        "Server": "104.154.23.237", 
        "TS": 1455866223.991
    }, 
    "6": {
        "Buffer": 28.00600004196167, 
        "Freezing": 0, 
        "QoE1": 4.9999536060530145, 
        "QoE2": 4.999907212106029, 
        "Representation": "6", 
        "Response": 0.3340001106262207, 
        "Server": "104.154.23.237", 
        "TS": 1455866229.328
    }, 
    "7": {
        "Buffer": 27.59500002861023, 
        "Freezing": 0, 
        "QoE1": 4.9999536060530145, 
        "QoE2": 4.999907212106029, 
        "Representation": "6", 
        "Response": 0.2590000629425049, 
        "Server": "104.154.23.237", 
        "TS": 1455866234.739
    }, 
    "8": {
        "Buffer": 27.362000226974487, 
        "Freezing": 0, 
        "QoE1": 4.9999536060530145, 
        "QoE2": 4.999907212106029, 
        "Representation": "6", 
        "Response": 0.22899985313415527, 
        "Server": "104.154.23.237", 
        "TS": 1455866239.972
    }, 
    "9": {
        "Buffer": 27.186000108718872, 
        "Freezing": 0, 
        "QoE1": 4.9999536060530145, 
        "QoE2": 4.999907212106029, 
        "Representation": "6", 
        "Response": 0.17100000381469727, 
        "Server": "104.154.23.237", 
        "TS": 1455866245.148
    }, 
    "10": {
        "Buffer": 27.046000003814697, 
        "Freezing": 0, 
        "QoE1": 4.9999536060530145, 
        "QoE2": 4.999907212106029, 
        "Representation": "6", 
        "Response": 0.13499999046325684, 
        "Server": "104.154.23.237", 
        "TS": 1455866250.288
    }
}