{
    "0": {
        "Buffer": 4.855000019073486, 
        "Freezing": 0, 
        "QoE1": 3.1563000000533874, 
        "QoE2": 1.312600000106775, 
        "Representation": "1", 
        "Response": 0.14499998092651367, 
        "Server": "104.196.43.57", 
        "TS": 1455867000.918
    }, 
    "1": {
        "Buffer": 9.657000064849854, 
        "Freezing": 0, 
        "QoE1": 4.9999536060530145, 
        "QoE2": 4.999907212106029, 
        "Representation": "6", 
        "Response": 0.19499993324279785, 
        "Server": "104.196.43.57", 
        "TS": 1455867001.116
    }, 
    "2": {
        "Buffer": 14.450000047683716, 
        "Freezing": 0, 
        "QoE1": 4.9999536060530145, 
        "QoE2": 4.999907212106029, 
        "Representation": "6", 
        "Response": 0.20199990272521973, 
        "Server": "104.196.43.57", 
        "TS": 1455867001.323
    }, 
    "3": {
        "Buffer": 19.23300004005432, 
        "Freezing": 0, 
        "QoE1": 4.9999536060530145, 
        "QoE2": 4.999907212106029, 
        "Representation": "6", 
        "Response": 0.21300005912780762, 
        "Server": "104.196.43.57", 
        "TS": 1455867001.54
    }, 
    "4": {
        "Buffer": 23.88100004196167, 
        "Freezing": 0, 
        "QoE1": 4.9999536060530145, 
        "QoE2": 4.999907212106029, 
        "Representation": "6", 
        "Response": 0.3489999771118164, 
        "Server": "104.196.43.57", 
        "TS": 1455867001.892
    }, 
    "5": {
        "Buffer": 28.574000120162964, 
        "Freezing": 0, 
        "QoE1": 4.9999536060530145, 
        "QoE2": 4.999907212106029, 
        "Representation": "6", 
        "Response": 0.3019998073577881, 
        "Server": "104.196.43.57", 
        "TS": 1455867002.199
    }, 
    "6": {
        "Buffer": 28.289999961853027, 
        "Freezing": 0, 
        "QoE1": 4.9999536060530145, 
        "QoE2": 4.999907212106029, 
        "Representation": "6", 
        "Response": 0.2820000648498535, 
        "Server": "104.196.43.57", 
        "TS": 1455867007.483
    }, 
    "7": {
        "Buffer": 27.990000009536743, 
        "Freezing": 0, 
        "QoE1": 4.9999536060530145, 
        "QoE2": 4.999907212106029, 
        "Representation": "6", 
        "Response": 0.20600008964538574, 
        "Server": "104.196.43.57", 
        "TS": 1455867012.783
    }, 
    "8": {
        "Buffer": 27.793999910354614, 
        "Freezing": 0, 
        "QoE1": 4.9999536060530145, 
        "QoE2": 4.999907212106029, 
        "Representation": "6", 
        "Response": 0.192000150680542, 
        "Server": "104.196.43.57", 
        "TS": 1455867017.979
    }, 
    "9": {
        "Buffer": 27.67799997329712, 
        "Freezing": 0, 
        "QoE1": 4.9999536060530145, 
        "QoE2": 4.999907212106029, 
        "Representation": "6", 
        "Response": 0.1119999885559082, 
        "Server": "104.196.43.57", 
        "TS": 1455867023.095
    }, 
    "10": {
        "Buffer": 27.581000089645386, 
        "Freezing": 0, 
        "QoE1": 4.9999536060530145, 
        "QoE2": 4.999907212106029, 
        "Representation": "6", 
        "Response": 0.09399986267089844, 
        "Server": "104.196.43.57", 
        "TS": 1455867028.192
    }
}